Tick,Healthy,Sick,Recovered
1,1499,1,0
2,1499,1,0
3,1499,1,0
4,1499,1,0
5,1499,1,0
6,1499,1,0
7,1499,1,0
8,1499,1,0
9,1499,1,0
10,1499,1,0
11,1499,1,0
12,1498,2,0
13,1498,2,0
14,1498,2,0
15,1498,2,0
16,1498,2,0
17,1498,2,0
18,1498,2,0
19,1497,3,0
20,1497,3,0
21,1497,3,0
22,1497,3,0
23,1497,3,0
24,1497,3,0
25,1497,3,0
26,1495,5,0
27,1495,5,0
28,1495,5,0
29,1495,5,0
30,1495,5,0
31,1495,5,0
32,1495,5,0
33,1495,5,0
34,1495,5,0
35,1495,5,0
36,1495,5,0
37,1495,5,0
38,1495,5,0
39,1495,5,0
40,1495,5,0
41,1495,5,0
42,1495,5,0
43,1495,5,0
44,1495,5,0
45,1495,5,0
46,1495,5,0
47,1495,5,0
48,1495,5,0
49,1495,5,0
50,1495,5,0
51,1495,5,0
52,1495,5,0
53,1495,5,0
54,1495,5,0
55,1495,5,0
56,1495,5,0
57,1495,5,0
58,1495,5,0
59,1494,6,0
60,1494,6,0
61,1494,6,0
62,1494,6,0
63,1494,6,0
64,1494,6,0
65,1494,6,0
66,1494,6,0
67,1494,6,0
68,1494,6,0
69,1493,7,0
70,1493,7,0
71,1493,7,0
72,1493,7,0
73,1493,7,0
74,1493,7,0
75,1493,7,0
76,1492,8,0
77,1492,8,0
78,1492,8,0
79,1492,8,0
80,1492,8,0
81,1492,8,0
82,1492,8,0
83,1492,8,0
84,1492,8,0
85,1492,8,0
86,1492,8,0
87,1492,8,0
88,1492,8,0
89,1492,8,0
90,1492,8,0
91,1491,9,0
92,1491,9,0
93,1491,9,0
94,1491,9,0
95,1491,9,0
96,1491,9,0
97,1491,9,0
98,1491,9,0
99,1491,9,0
100,1491,9,0
101,1491,9,0
102,1491,9,0
103,1491,9,0
104,1491,9,0
105,1491,9,0
106,1491,9,0
107,1490,10,0
108,1490,10,0
109,1490,10,0
110,1490,10,0
111,1490,10,0
112,1490,10,0
113,1490,10,0
114,1490,10,0
115,1489,11,0
116,1489,11,0
117,1489,11,0
118,1489,11,0
119,1489,11,0
120,1489,11,0
121,1489,11,0
122,1489,11,0
123,1489,11,0
124,1489,11,0
125,1489,11,0
126,1489,11,0
127,1489,11,0
128,1489,11,0
129,1488,12,0
130,1488,12,0
131,1488,12,0
132,1488,12,0
133,1488,12,0
134,1488,12,0
135,1488,12,0
136,1488,12,0
137,1488,12,0
138,1488,12,0
139,1488,12,0
140,1488,12,0
141,1488,12,0
142,1487,13,0
143,1487,13,0
144,1486,14,0
145,1486,14,0
146,1485,15,0
147,1485,15,0
148,1485,15,0
149,1485,15,0
150,1485,15,0
151,1485,15,0
152,1485,15,0
153,1485,15,0
154,1485,15,0
155,1485,15,0
156,1484,16,0
157,1484,16,0
158,1483,17,0
159,1483,17,0
160,1483,17,0
161,1482,18,0
162,1482,18,0
163,1482,18,0
164,1482,18,0
165,1482,18,0
166,1482,18,0
167,1482,18,0
168,1482,18,0
169,1482,18,0
170,1482,18,0
171,1482,18,0
172,1482,18,0
173,1482,18,0
174,1481,19,0
175,1481,19,0
176,1481,19,0
177,1481,19,0
178,1481,19,0
179,1481,19,0
180,1481,19,0
181,1481,19,0
182,1481,19,0
183,1481,19,0
184,1481,19,0
185,1481,19,0
186,1481,19,0
187,1481,19,0
188,1481,19,0
189,1481,19,0
190,1481,19,0
191,1480,20,0
192,1480,20,0
193,1480,20,0
194,1480,20,0
195,1480,20,0
196,1480,20,0
197,1480,20,0
198,1478,22,0
199,1478,22,0
200,1478,22,0
201,1478,22,0
202,1478,22,0
203,1478,22,0
204,1478,22,0
205,1478,22,0
206,1478,22,0
207,1478,22,0
208,1478,22,0
209,1478,22,0
210,1478,22,0
211,1478,22,0
212,1478,22,0
213,1478,22,0
214,1478,22,0
215,1478,22,0
216,1478,22,0
217,1478,22,0
218,1478,22,0
219,1478,22,0
220,1478,22,0
221,1478,22,0
222,1478,22,0
223,1478,22,0
224,1477,23,0
225,1477,23,0
226,1477,23,0
227,1477,23,0
228,1477,23,0
229,1477,23,0
230,1477,23,0
231,1476,24,0
232,1476,24,0
233,1475,25,0
234,1475,25,0
235,1475,25,0
236,1475,25,0
237,1475,25,0
238,1474,26,0
239,1474,26,0
240,1474,26,0
241,1473,27,0
242,1472,28,0
243,1472,28,0
244,1472,28,0
245,1472,28,0
246,1472,28,0
247,1472,28,0
248,1472,28,0
249,1472,28,0
250,1472,28,0
251,1472,28,0
252,1472,28,0
253,1472,28,0
254,1472,28,0
255,1472,28,0
256,1472,28,0
257,1472,28,0
258,1471,29,0
259,1471,29,0
260,1471,29,0
261,1470,30,0
262,1469,31,0
263,1469,31,0
264,1468,32,0
265,1468,32,0
266,1468,32,0
267,1468,32,0
268,1467,33,0
269,1467,33,0
270,1466,34,0
271,1466,34,0
272,1466,34,0
273,1466,34,0
274,1466,34,0
275,1466,34,0
276,1466,34,0
277,1466,34,0
278,1466,34,0
279,1466,34,0
280,1466,34,0
281,1465,35,0
282,1465,35,0
283,1465,35,0
284,1465,35,0
285,1465,35,0
286,1465,35,0
287,1465,35,0
288,1465,35,0
289,1465,35,0
290,1465,35,0
291,1464,36,0
292,1464,36,0
293,1464,36,0
294,1464,36,0
295,1464,36,0
296,1463,37,0
297,1462,38,0
298,1462,38,0
299,1462,38,0
300,1462,38,0
301,1461,39,0
302,1461,39,0
303,1461,39,0
304,1461,39,0
305,1461,39,0
306,1460,40,0
307,1460,40,0
308,1460,40,0
309,1460,40,0
310,1460,40,0
311,1460,40,0
312,1460,40,0
313,1460,40,0
314,1460,40,0
315,1460,40,0
316,1459,41,0
317,1459,41,0
318,1459,41,0
319,1458,42,0
320,1458,42,0
321,1458,42,0
322,1458,42,0
323,1458,42,0
324,1457,43,0
325,1456,44,0
326,1456,44,0
327,1456,44,0
328,1456,44,0
329,1456,44,0
330,1456,44,0
331,1456,44,0
332,1456,44,0
333,1455,45,0
334,1455,45,0
335,1455,45,0
336,1455,45,0
337,1454,46,0
338,1454,46,0
339,1453,47,0
340,1453,47,0
341,1452,48,0
342,1452,48,0
343,1452,48,0
344,1452,48,0
345,1452,48,0
346,1452,48,0
347,1452,48,0
348,1452,48,0
349,1452,48,0
350,1451,49,0
351,1451,49,0
352,1451,49,0
353,1451,49,0
354,1451,49,0
355,1451,49,0
356,1451,49,0
357,1450,50,0
358,1448,52,0
359,1448,52,0
360,1448,52,0
361,1446,54,0
362,1446,54,0
363,1446,54,0
364,1446,54,0
365,1446,54,0
366,1445,55,0
367,1445,55,0
368,1445,55,0
369,1445,55,0
370,1445,55,0
371,1445,55,0
372,1444,56,0
373,1444,56,0
374,1444,56,0
375,1444,56,0
376,1444,56,0
377,1444,56,0
378,1444,56,0
379,1444,56,0
380,1444,56,0
381,1444,56,0
382,1442,58,0
383,1442,58,0
384,1442,58,0
385,1442,58,0
386,1442,58,0
387,1442,58,0
388,1442,58,0
389,1442,58,0
390,1442,58,0
391,1442,58,0
392,1442,58,0
393,1442,58,0
394,1442,58,0
395,1442,58,0
396,1442,58,0
397,1441,59,0
398,1441,59,0
399,1441,59,0
400,1440,60,0
401,1440,60,0
402,1439,61,0
403,1439,61,0
404,1439,61,0
405,1439,61,0
406,1438,62,0
407,1438,62,0
408,1437,63,0
409,1437,63,0
410,1436,64,0
411,1436,64,0
412,1434,66,0
413,1433,67,0
414,1433,67,0
415,1433,67,0
416,1433,67,0
417,1432,68,0
418,1432,68,0
419,1432,68,0
420,1431,69,0
421,1431,69,0
422,1431,69,0
423,1431,69,0
424,1431,69,0
425,1430,70,0
426,1429,71,0
427,1429,71,0
428,1429,71,0
429,1429,71,0
430,1429,71,0
431,1428,72,0
432,1428,72,0
433,1428,72,0
434,1427,73,0
435,1427,73,0
436,1427,73,0
437,1425,75,0
438,1425,75,0
439,1425,75,0
440,1424,76,0
441,1424,76,0
442,1423,77,0
443,1422,78,0
444,1422,78,0
445,1422,78,0
446,1421,79,0
447,1421,79,0
448,1419,81,0
449,1419,81,0
450,1418,82,0
451,1418,82,0
452,1418,82,0
453,1418,82,0
454,1417,83,0
455,1417,83,0
456,1417,83,0
457,1417,83,0
458,1417,83,0
459,1417,83,0
460,1416,84,0
461,1415,85,0
462,1415,85,0
463,1415,85,0
464,1415,85,0
465,1414,86,0
466,1414,86,0
467,1414,86,0
468,1414,86,0
469,1414,86,0
470,1414,86,0
471,1414,86,0
472,1414,86,0
473,1414,86,0
474,1413,87,0
475,1413,87,0
476,1413,87,0
477,1413,87,0
478,1413,87,0
479,1413,87,0
480,1413,87,0
481,1408,92,0
482,1408,92,0
483,1408,92,0
484,1408,92,0
485,1407,93,0
486,1407,93,0
487,1407,93,0
488,1407,93,0
489,1407,93,0
490,1405,95,0
491,1405,95,0
492,1405,95,0
493,1405,95,0
494,1405,95,0
495,1405,95,0
496,1405,95,0
497,1404,96,0
498,1404,96,0
499,1404,96,0
500,1404,95,1
501,1403,96,1
502,1403,96,1
503,1403,96,1
504,1402,97,1
505,1401,98,1
506,1401,98,1
507,1400,99,1
508,1400,99,1
509,1400,99,1
510,1400,99,1
511,1400,99,1
512,1399,99,2
513,1399,99,2
514,1398,100,2
515,1398,100,2
516,1398,100,2
517,1398,100,2
518,1396,102,2
519,1395,102,3
520,1395,102,3
521,1393,104,3
522,1393,104,3
523,1393,104,3
524,1393,104,3
525,1393,104,3
526,1392,103,5
527,1391,104,5
528,1390,105,5
529,1389,106,5
530,1389,106,5
531,1389,106,5
532,1389,106,5
533,1389,106,5
534,1389,106,5
535,1389,106,5
536,1388,107,5
537,1388,107,5
538,1388,107,5
539,1388,107,5
540,1386,109,5
541,1386,109,5
542,1386,109,5
543,1386,109,5
544,1386,109,5
545,1386,109,5
546,1386,109,5
547,1386,109,5
548,1385,110,5
549,1385,110,5
550,1384,111,5
551,1384,111,5
552,1383,112,5
553,1383,112,5
554,1382,113,5
555,1382,113,5
556,1381,114,5
557,1381,114,5
558,1380,114,6
559,1380,114,6
560,1380,114,6
561,1380,114,6
562,1380,114,6
563,1380,114,6
564,1380,114,6
565,1380,114,6
566,1380,114,6
567,1379,115,6
568,1379,115,6
569,1379,114,7
570,1379,114,7
571,1379,114,7
572,1379,114,7
573,1379,114,7
574,1379,114,7
575,1379,114,7
576,1378,114,8
577,1377,115,8
578,1377,115,8
579,1376,116,8
580,1376,116,8
581,1376,116,8
582,1376,116,8
583,1376,116,8
584,1376,116,8
585,1375,117,8
586,1375,117,8
587,1375,117,8
588,1374,118,8
589,1372,120,8
590,1372,120,8
591,1372,119,9
592,1372,119,9
593,1372,119,9
594,1372,119,9
595,1370,121,9
596,1370,121,9
597,1370,121,9
598,1369,122,9
599,1369,122,9
600,1369,122,9
601,1369,122,9
602,1368,123,9
603,1368,123,9
604,1368,123,9
605,1367,124,9
606,1366,125,9
607,1365,125,10
608,1365,125,10
609,1365,125,10
610,1365,125,10
611,1365,125,10
612,1364,126,10
613,1364,126,10
614,1364,126,10
615,1364,125,11
616,1364,125,11
617,1364,125,11
618,1363,126,11
619,1363,126,11
620,1363,126,11
621,1363,126,11
622,1362,127,11
623,1362,127,11
624,1362,127,11
625,1361,128,11
626,1361,128,11
627,1361,128,11
628,1361,128,11
629,1361,127,12
630,1361,127,12
631,1361,127,12
632,1361,127,12
633,1360,128,12
634,1360,128,12
635,1359,129,12
636,1359,129,12
637,1359,129,12
638,1359,129,12
639,1359,129,12
640,1358,130,12
641,1358,129,13
642,1358,129,13
643,1358,129,13
644,1358,128,14
645,1358,128,14
646,1358,127,15
647,1358,127,15
648,1358,127,15
649,1358,127,15
650,1358,127,15
651,1358,127,15
652,1358,127,15
653,1358,127,15
654,1357,128,15
655,1357,127,16
656,1357,127,16
657,1357,127,16
658,1356,127,17
659,1356,127,17
660,1356,127,17
661,1356,126,18
662,1356,126,18
663,1356,126,18
664,1355,127,18
665,1355,127,18
666,1355,127,18
667,1355,127,18
668,1355,127,18
669,1355,127,18
670,1355,127,18
671,1355,127,18
672,1355,127,18
673,1355,127,18
674,1354,127,19
675,1354,127,19
676,1354,127,19
677,1354,127,19
678,1354,127,19
679,1354,127,19
680,1354,127,19
681,1354,127,19
682,1354,127,19
683,1354,127,19
684,1354,127,19
685,1354,127,19
686,1354,127,19
687,1354,127,19
688,1354,127,19
689,1353,128,19
690,1353,128,19
691,1353,127,20
692,1352,128,20
693,1352,128,20
694,1352,128,20
695,1351,129,20
696,1351,129,20
697,1351,129,20
698,1350,128,22
699,1350,128,22
700,1350,128,22
701,1350,128,22
702,1350,128,22
703,1350,128,22
704,1349,129,22
705,1348,130,22
706,1348,130,22
707,1347,131,22
708,1347,131,22
709,1347,131,22
710,1346,132,22
711,1346,132,22
712,1346,132,22
713,1346,132,22
714,1346,132,22
715,1346,132,22
716,1346,132,22
717,1345,133,22
718,1345,133,22
719,1345,133,22
720,1345,133,22
721,1344,134,22
722,1344,134,22
723,1344,133,23
724,1344,133,23
725,1343,134,23
726,1343,134,23
727,1342,135,23
728,1342,135,23
729,1342,135,23
730,1342,134,24
731,1342,134,24
732,1340,136,24
733,1340,135,25
734,1340,135,25
735,1339,136,25
736,1339,136,25
737,1339,135,26
738,1339,135,26
739,1338,136,26
740,1338,136,26
741,1338,135,27
742,1337,135,28
743,1337,135,28
744,1337,135,28
745,1337,135,28
746,1337,135,28
747,1337,135,28
748,1337,135,28
749,1337,135,28
750,1337,135,28
751,1336,136,28
752,1336,136,28
753,1335,137,28
754,1335,137,28
755,1335,137,28
756,1335,137,28
757,1335,137,28
758,1334,137,29
759,1334,137,29
760,1334,137,29
761,1334,136,30
762,1334,135,31
763,1334,134,32
764,1334,134,32
765,1334,134,32
766,1333,135,32
767,1333,134,33
768,1332,135,33
769,1332,135,33
770,1332,134,34
771,1332,134,34
772,1332,134,34
773,1332,134,34
774,1332,134,34
775,1332,134,34
776,1332,134,34
777,1332,134,34
778,1332,134,34
779,1332,134,34
780,1332,134,34
781,1331,134,35
782,1330,135,35
783,1330,135,35
784,1328,137,35
785,1328,137,35
786,1328,137,35
787,1328,137,35
788,1328,137,35
789,1326,139,35
790,1324,141,35
791,1323,141,36
792,1323,141,36
793,1323,141,36
794,1323,141,36
795,1323,141,36
796,1323,139,38
797,1323,139,38
798,1323,139,38
799,1322,140,38
800,1322,140,38
801,1322,139,39
802,1322,139,39
803,1322,139,39
804,1322,139,39
805,1322,139,39
806,1322,138,40
807,1322,138,40
808,1320,140,40
809,1320,140,40
810,1320,140,40
811,1320,140,40
812,1320,140,40
813,1319,141,40
814,1319,141,40
815,1319,141,40
816,1319,140,41
817,1319,140,41
818,1318,140,42
819,1318,140,42
820,1318,140,42
821,1318,140,42
822,1318,140,42
823,1318,140,42
824,1317,139,44
825,1317,139,44
826,1316,140,44
827,1316,140,44
828,1316,140,44
829,1316,140,44
830,1316,140,44
831,1314,142,44
832,1314,141,45
833,1314,141,45
834,1314,141,45
835,1314,141,45
836,1313,142,45
837,1313,141,46
838,1312,142,46
839,1312,141,47
840,1312,141,47
841,1311,141,48
842,1311,141,48
843,1311,141,48
844,1311,141,48
845,1310,142,48
846,1308,144,48
847,1308,144,48
848,1308,144,48
849,1307,145,48
850,1306,145,49
851,1306,145,49
852,1306,145,49
853,1305,146,49
854,1304,147,49
855,1304,147,49
856,1304,147,49
857,1301,148,51
858,1301,147,52
859,1301,147,52
860,1300,147,53
861,1299,147,54
862,1299,147,54
863,1299,147,54
864,1299,147,54
865,1299,146,55
866,1298,147,55
867,1298,147,55
868,1297,148,55
869,1297,148,55
870,1296,149,55
871,1296,149,55
872,1296,148,56
873,1296,148,56
874,1296,148,56
875,1295,149,56
876,1295,149,56
877,1295,149,56
878,1293,151,56
879,1293,151,56
880,1293,151,56
881,1292,151,57
882,1291,151,58
883,1291,151,58
884,1291,151,58
885,1291,151,58
886,1291,151,58
887,1291,151,58
888,1291,151,58
889,1291,151,58
890,1291,151,58
891,1290,152,58
892,1290,152,58
893,1290,152,58
894,1290,152,58
895,1290,152,58
896,1288,154,58
897,1288,153,59
898,1287,154,59
899,1286,155,59
900,1286,154,60
901,1285,154,61
902,1284,155,61
903,1284,155,61
904,1283,156,61
905,1283,156,61
906,1283,155,62
907,1283,155,62
908,1282,155,63
909,1282,155,63
910,1282,154,64
911,1282,154,64
912,1281,153,66
913,1281,152,67
914,1281,152,67
915,1281,152,67
916,1281,152,67
917,1281,151,68
918,1281,151,68
919,1280,152,68
920,1280,151,69
921,1280,151,69
922,1280,151,69
923,1280,151,69
924,1280,151,69
925,1280,149,71
926,1278,151,71
927,1278,151,71
928,1278,151,71
929,1277,152,71
930,1277,152,71
931,1276,152,72
932,1275,153,72
933,1275,152,73
934,1275,152,73
935,1275,152,73
936,1275,151,74
937,1275,150,75
938,1273,152,75
939,1273,152,75
940,1272,152,76
941,1272,152,76
942,1272,151,77
943,1272,150,78
944,1272,150,78
945,1272,150,78
946,1272,149,79
947,1271,149,80
948,1271,148,81
949,1271,148,81
950,1271,147,82
951,1271,147,82
952,1270,148,82
953,1270,147,83
954,1270,147,83
955,1270,147,83
956,1270,147,83
957,1270,147,83
958,1270,147,83
959,1270,147,83
960,1270,146,84
961,1269,146,85
962,1269,146,85
963,1268,147,85
964,1267,148,85
965,1266,148,86
966,1266,148,86
967,1266,148,86
968,1266,148,86
969,1265,149,86
970,1265,149,86
971,1264,150,86
972,1263,151,86
973,1263,150,87
974,1263,150,87
975,1263,150,87
976,1261,152,87
977,1260,153,87
978,1260,153,87
979,1260,153,87
980,1260,153,87
981,1260,148,92
982,1260,148,92
983,1259,149,92
984,1259,148,93
985,1259,148,93
986,1259,148,93
987,1258,149,93
988,1258,149,93
989,1257,150,93
990,1257,148,95
991,1257,148,95
992,1257,148,95
993,1257,148,95
994,1257,148,95
995,1257,148,95
996,1256,149,95
997,1256,148,96
998,1256,148,96
999,1256,148,96
1000,1256,148,96
1001,1256,147,97
1002,1256,147,97
1003,1256,147,97
1004,1256,146,98
1005,1256,145,99
1006,1256,145,99
1007,1256,144,100
1008,1256,144,100
1009,1256,144,100
1010,1256,144,100
1011,1256,144,100
1012,1256,143,101
1013,1256,143,101
1014,1256,142,102
1015,1256,142,102
1016,1256,142,102
1017,1256,142,102
1018,1255,141,104
1019,1254,141,105
1020,1254,141,105
1021,1254,139,107
1022,1254,139,107
1023,1254,139,107
1024,1253,140,107
1025,1253,140,107
1026,1252,140,108
1027,1252,139,109
1028,1252,138,110
1029,1252,137,111
1030,1252,137,111
1031,1251,138,111
1032,1251,138,111
1033,1251,138,111
1034,1250,139,111
1035,1250,138,112
1036,1250,138,112
1037,1250,138,112
1038,1250,138,112
1039,1250,138,112
1040,1250,136,114
1041,1250,136,114
1042,1249,137,114
1043,1249,137,114
1044,1249,137,114
1045,1249,137,114
1046,1249,137,114
1047,1249,137,114
1048,1249,136,115
1049,1249,136,115
1050,1249,135,116
1051,1249,135,116
1052,1249,134,117
1053,1249,134,117
1054,1248,134,118
1055,1248,134,118
1056,1248,133,119
1057,1248,132,120
1058,1247,133,120
1059,1247,133,120
1060,1247,133,120
1061,1247,133,120
1062,1247,133,120
1063,1246,134,120
1064,1245,135,120
1065,1245,135,120
1066,1245,135,120
1067,1245,134,121
1068,1245,134,121
1069,1245,134,121
1070,1245,134,121
1071,1244,135,121
1072,1243,136,121
1073,1243,136,121
1074,1243,136,121
1075,1242,137,121
1076,1242,135,123
1077,1242,135,123
1078,1242,135,123
1079,1242,134,124
1080,1242,134,124
1081,1242,134,124
1082,1241,135,124
1083,1241,135,124
1084,1241,134,125
1085,1240,135,125
1086,1240,135,125
1087,1239,136,125
1088,1238,136,126
1089,1238,134,128
1090,1238,134,128
1091,1238,134,128
1092,1238,134,128
1093,1238,134,128
1094,1238,134,128
1095,1237,133,130
1096,1237,133,130
1097,1237,133,130
1098,1237,132,131
1099,1237,132,131
1100,1237,132,131
1101,1237,132,131
1102,1237,131,132
1103,1237,131,132
1104,1237,131,132
1105,1236,131,133
1106,1235,131,134
1107,1235,130,135
1108,1235,130,135
1109,1235,130,135
1110,1235,130,135
1111,1235,130,135
1112,1235,129,136
1113,1235,129,136
1114,1235,129,136
1115,1235,129,136
1116,1235,129,136
1117,1235,129,136
1118,1235,128,137
1119,1235,128,137
1120,1235,128,137
1121,1234,129,137
1122,1234,128,138
1123,1234,128,138
1124,1234,128,138
1125,1234,127,139
1126,1234,127,139
1127,1234,127,139
1128,1234,127,139
1129,1233,128,139
1130,1233,128,139
1131,1233,128,139
1132,1232,129,139
1133,1231,129,140
1134,1231,129,140
1135,1230,129,141
1136,1230,129,141
1137,1230,129,141
1138,1230,129,141
1139,1230,129,141
1140,1230,128,142
1141,1229,129,142
1142,1228,130,142
1143,1227,131,142
1144,1227,131,142
1145,1227,131,142
1146,1227,131,142
1147,1227,131,142
1148,1226,132,142
1149,1226,132,142
1150,1226,132,142
1151,1225,133,142
1152,1224,134,142
1153,1223,135,142
1154,1223,134,143
1155,1221,136,143
1156,1220,137,143
1157,1219,138,143
1158,1219,137,144
1159,1219,137,144
1160,1218,138,144
1161,1218,138,144
1162,1217,139,144
1163,1217,138,145
1164,1215,140,145
1165,1215,140,145
1166,1215,140,145
1167,1215,140,145
1168,1215,140,145
1169,1214,141,145
1170,1214,141,145
1171,1213,142,145
1172,1213,142,145
1173,1212,143,145
1174,1212,142,146
1175,1211,143,146
1176,1209,145,146
1177,1209,145,146
1178,1209,145,146
1179,1209,145,146
1180,1208,146,146
1181,1208,146,146
1182,1207,147,146
1183,1206,148,146
1184,1206,148,146
1185,1205,149,146
1186,1204,150,146
1187,1203,151,146
1188,1200,154,146
1189,1200,153,147
1190,1200,153,147
1191,1200,153,147
1192,1200,152,148
1193,1200,152,148
1194,1200,151,149
1195,1200,151,149
1196,1200,151,149
1197,1200,150,150
1198,1200,150,150
1199,1200,150,150
1200,1198,152,150
1201,1197,153,150
1202,1197,153,150
1203,1197,152,151
1204,1197,152,151
1205,1197,151,152
1206,1197,151,152
1207,1196,151,153
1208,1196,151,153
1209,1196,151,153
1210,1196,150,154
1211,1194,152,154
1212,1194,152,154
1213,1194,152,154
1214,1194,152,154
1215,1193,153,154
1216,1193,153,154
1217,1193,152,155
1218,1193,152,155
1219,1193,152,155
1220,1193,152,155
1221,1192,152,156
1222,1192,152,156
1223,1192,152,156
1224,1192,152,156
1225,1192,151,157
1226,1192,151,157
1227,1192,150,158
1228,1192,150,158
1229,1191,151,158
1230,1191,151,158
1231,1191,151,158
1232,1191,149,160
1233,1191,149,160
1234,1190,150,160
1235,1190,149,161
1236,1189,150,161
1237,1189,150,161
1238,1189,150,161
1239,1189,149,162
1240,1189,149,162
1241,1189,149,162
1242,1188,149,163
1243,1188,149,163
1244,1188,149,163
1245,1187,150,163
1246,1187,150,163
1247,1184,153,163
1248,1184,153,163
1249,1184,153,163
1250,1184,153,163
1251,1183,153,164
1252,1181,155,164
1253,1181,154,165
1254,1181,154,165
1255,1180,155,165
1256,1179,156,165
1257,1178,157,165
1258,1178,156,166
1259,1178,156,166
1260,1178,156,166
1261,1177,157,166
1262,1175,159,166
1263,1175,159,166
1264,1175,159,166
1265,1175,159,166
1266,1174,159,167
1267,1173,160,167
1268,1173,159,168
1269,1173,159,168
1270,1172,160,168
1271,1172,160,168
1272,1171,161,168
1273,1171,161,168
1274,1171,161,168
1275,1171,161,168
1276,1171,161,168
1277,1171,161,168
1278,1170,162,168
1279,1170,162,168
1280,1170,162,168
1281,1170,161,169
1282,1170,160,170
1283,1168,160,172
1284,1168,160,172
1285,1168,160,172
1286,1167,161,172
1287,1166,162,172
1288,1166,161,173
1289,1165,161,174
1290,1165,159,176
1291,1165,158,177
1292,1165,158,177
1293,1165,158,177
1294,1165,158,177
1295,1164,159,177
1296,1164,159,177
1297,1164,159,177
1298,1164,158,178
1299,1163,159,178
1300,1163,159,178
1301,1162,160,178
1302,1162,160,178
1303,1162,160,178
1304,1162,160,178
1305,1162,160,178
1306,1162,160,178
1307,1162,160,178
1308,1162,158,180
1309,1162,158,180
1310,1161,159,180
1311,1161,159,180
1312,1161,159,180
1313,1160,159,181
1314,1160,159,181
1315,1160,159,181
1316,1160,159,181
1317,1160,159,181
1318,1160,158,182
1319,1160,158,182
1320,1160,158,182
1321,1160,158,182
1322,1160,158,182
1323,1160,158,182
1324,1160,157,183
1325,1159,157,184
1326,1159,157,184
1327,1159,157,184
1328,1158,158,184
1329,1157,159,184
1330,1156,160,184
1331,1156,158,186
1332,1156,158,186
1333,1156,158,186
1334,1154,160,186
1335,1153,160,187
1336,1153,160,187
1337,1153,160,187
1338,1153,159,188
1339,1152,160,188
1340,1151,161,188
1341,1149,162,189
1342,1149,162,189
1343,1149,162,189
1344,1149,162,189
1345,1148,160,192
1346,1148,160,192
1347,1148,160,192
1348,1148,160,192
1349,1147,160,193
1350,1144,162,194
1351,1144,162,194
1352,1144,162,194
1353,1144,161,195
1354,1144,160,196
1355,1144,160,196
1356,1144,160,196
1357,1141,160,199
1358,1140,161,199
1359,1139,162,199
1360,1139,160,201
1361,1137,162,201
1362,1136,163,201
1363,1136,163,201
1364,1136,163,201
1365,1136,163,201
1366,1136,162,202
1367,1136,162,202
1368,1135,162,203
1369,1134,163,203
1370,1134,162,204
1371,1133,163,204
1372,1132,164,204
1373,1131,165,204
1374,1129,166,205
1375,1129,166,205
1376,1129,166,205
1377,1127,168,205
1378,1127,166,207
1379,1127,166,207
1380,1127,165,208
1381,1127,165,208
1382,1127,164,209
1383,1127,164,209
1384,1126,165,209
1385,1125,166,209
1386,1125,166,209
1387,1123,168,209
1388,1123,168,209
1389,1123,168,209
1390,1123,168,209
1391,1123,167,210
1392,1123,167,210
1393,1123,167,210
1394,1123,167,210
1395,1122,168,210
1396,1122,166,212
1397,1120,167,213
1398,1119,168,213
1399,1119,167,214
1400,1119,167,214
1401,1118,166,216
1402,1118,166,216
1403,1117,167,216
1404,1117,166,217
1405,1115,168,217
1406,1115,168,217
1407,1114,169,217
1408,1113,169,218
1409,1113,169,218
1410,1112,170,218
1411,1112,170,218
1412,1112,169,219
1413,1111,170,219
1414,1111,170,219
1415,1111,170,219
1416,1111,170,219
1417,1109,172,219
1418,1109,172,219
1419,1107,173,220
1420,1107,173,220
1421,1107,173,220
1422,1107,173,220
1423,1107,173,220
1424,1106,174,220
1425,1106,174,220
1426,1104,174,222
1427,1103,175,222
1428,1103,175,222
1429,1103,174,223
1430,1103,174,223
1431,1103,173,224
1432,1102,173,225
1433,1102,173,225
1434,1102,173,225
1435,1102,173,225
1436,1102,173,225
1437,1101,174,225
1438,1100,173,227
1439,1100,173,227
1440,1100,172,228
1441,1100,172,228
1442,1099,173,228
1443,1099,173,228
1444,1099,173,228
1445,1098,174,228
1446,1098,174,228
1447,1097,174,229
1448,1095,176,229
1449,1095,176,229
1450,1095,176,229
1451,1095,176,229
1452,1095,175,230
1453,1095,175,230
1454,1095,175,230
1455,1092,178,230
1456,1092,178,230
1457,1092,178,230
1458,1092,178,230
1459,1092,178,230
1460,1092,177,231
1461,1092,177,231
1462,1092,177,231
1463,1092,176,232
1464,1092,175,233
1465,1092,174,234
1466,1092,174,234
1467,1091,175,234
1468,1090,176,234
1469,1090,175,235
1470,1090,174,236
1471,1090,174,236
1472,1090,173,237
1473,1090,173,237
1474,1090,173,237
1475,1089,174,237
1476,1088,173,239
1477,1088,172,240
1478,1087,173,240
1479,1087,173,240
1480,1087,173,240
1481,1086,174,240
1482,1086,173,241
1483,1085,174,241
1484,1085,174,241
1485,1085,174,241
1486,1085,174,241
1487,1085,173,242
1488,1085,173,242
1489,1085,172,243
1490,1084,173,243
1491,1084,173,243
1492,1084,173,243
1493,1083,174,243
1494,1083,174,243
1495,1083,173,244
1496,1083,173,244
1497,1082,174,244
1498,1082,174,244
1499,1081,175,244
1500,1081,175,244
1501,1080,176,244
1502,1080,176,244
1503,1080,176,244
1504,1080,176,244
1505,1080,176,244
1506,1080,176,244
1507,1080,176,244
1508,1079,177,244
1509,1079,177,244
1510,1078,178,244
1511,1077,179,244
1512,1077,179,244
1513,1077,179,244
1514,1074,182,244
1515,1074,182,244
1516,1073,183,244
1517,1072,184,244
1518,1070,185,245
1519,1070,184,246
1520,1068,186,246
1521,1068,186,246
1522,1068,186,246
1523,1068,186,246
1524,1067,186,247
1525,1067,186,247
1526,1066,186,248
1527,1065,187,248
1528,1065,187,248
1529,1065,187,248
1530,1064,188,248
1531,1062,189,249
1532,1060,191,249
1533,1059,192,249
1534,1059,191,250
1535,1059,191,250
1536,1059,191,250
1537,1059,191,250
1538,1058,192,250
1539,1058,192,250
1540,1058,192,250
1541,1058,191,251
1542,1058,191,251
1543,1057,192,251
1544,1057,192,251
1545,1056,193,251
1546,1056,193,251
1547,1056,193,251
1548,1056,193,251
1549,1056,193,251
1550,1055,194,251
1551,1055,194,251
1552,1055,194,251
1553,1055,194,251
1554,1052,196,252
1555,1050,198,252
1556,1050,198,252
1557,1049,199,252
1558,1048,199,253
1559,1048,199,253
1560,1048,199,253
1561,1047,200,253
1562,1046,201,253
1563,1046,200,254
1564,1046,199,255
1565,1045,200,255
1566,1045,200,255
1567,1044,201,255
1568,1044,201,255
1569,1042,203,255
1570,1042,203,255
1571,1040,204,256
1572,1040,203,257
1573,1040,203,257
1574,1039,203,258
1575,1039,203,258
1576,1039,203,258
1577,1039,203,258
1578,1039,203,258
1579,1039,203,258
1580,1039,203,258
1581,1039,203,258
1582,1038,203,259
1583,1037,204,259
1584,1037,204,259
1585,1036,204,260
1586,1036,204,260
1587,1036,203,261
1588,1036,202,262
1589,1036,202,262
1590,1035,203,262
1591,1035,203,262
1592,1035,203,262
1593,1035,203,262
1594,1035,203,262
1595,1034,203,263
1596,1034,203,263
1597,1034,203,263
1598,1033,204,263
1599,1033,204,263
1600,1033,204,263
1601,1030,207,263
1602,1030,207,263
1603,1030,207,263
1604,1030,207,263
1605,1028,208,264
1606,1027,208,265
1607,1027,208,265
1608,1027,208,265
1609,1027,208,265
1610,1027,208,265
1611,1026,209,265
1612,1026,209,265
1613,1025,210,265
1614,1025,210,265
1615,1025,210,265
1616,1025,210,265
1617,1024,211,265
1618,1024,211,265
1619,1022,213,265
1620,1021,214,265
1621,1021,213,266
1622,1021,213,266
1623,1021,213,266
1624,1021,213,266
1625,1020,214,266
1626,1020,214,266
1627,1020,214,266
1628,1018,216,266
1629,1018,215,267
1630,1018,215,267
1631,1018,214,268
1632,1018,214,268
1633,1018,213,269
1634,1017,214,269
1635,1017,213,270
1636,1016,214,270
1637,1016,214,270
1638,1015,215,270
1639,1015,215,270
1640,1015,215,270
1641,1014,215,271
1642,1013,215,272
1643,1012,215,273
1644,1012,215,273
1645,1011,216,273
1646,1011,216,273
1647,1010,217,273
1648,1008,218,274
1649,1008,218,274
1650,1008,218,274
1651,1008,217,275
1652,1008,216,276
1653,1008,215,277
1654,1007,216,277
1655,1006,215,279
1656,1006,213,281
1657,1006,213,281
1658,1005,214,281
1659,1005,214,281
1660,1004,214,282
1661,1004,213,283
1662,1003,214,283
1663,1002,215,283
1664,1002,213,285
1665,1002,213,285
1666,1002,213,285
1667,1002,213,285
1668,1002,213,285
1669,1002,212,286
1670,1001,213,286
1671,1001,212,287
1672,1000,213,287
1673,999,213,288
1674,999,212,289
1675,999,211,290
1676,998,211,291
1677,998,211,291
1678,998,211,291
1679,997,212,291
1680,997,211,292
1681,994,214,292
1682,993,214,293
1683,993,213,294
1684,993,213,294
1685,993,212,295
1686,993,210,297
1687,993,210,297
1688,993,207,300
1689,992,208,300
1690,992,208,300
1691,992,208,300
1692,992,208,300
1693,992,208,300
1694,991,209,300
1695,991,209,300
1696,991,209,300
1697,990,210,300
1698,990,210,300
1699,987,212,301
1700,986,212,302
1701,986,211,303
1702,986,211,303
1703,985,212,303
1704,985,212,303
1705,984,213,303
1706,983,213,304
1707,983,213,304
1708,983,213,304
1709,982,214,304
1710,982,214,304
1711,982,212,306
1712,980,214,306
1713,979,215,306
1714,979,215,306
1715,979,214,307
1716,979,214,307
1717,977,216,307
1718,975,218,307
1719,974,219,307
1720,974,218,308
1721,973,219,308
1722,972,220,308
1723,969,223,308
1724,968,224,308
1725,968,224,308
1726,967,225,308
1727,966,226,308
1728,966,226,308
1729,964,227,309
1730,963,228,309
1731,962,229,309
1732,961,230,309
1733,960,231,309
1734,959,231,310
1735,958,232,310
1736,957,232,311
1737,955,234,311
1738,955,234,311
1739,955,234,311
1740,954,235,311
1741,953,236,311
1742,952,236,312
1743,951,237,312
1744,950,238,312
1745,949,238,313
1746,947,240,313
1747,947,237,316
1748,944,240,316
1749,941,243,316
1750,941,243,316
1751,940,242,318
1752,939,242,319
1753,939,242,319
1754,938,243,319
1755,938,242,320
1756,938,241,321
1757,938,240,322
1758,938,240,322
1759,937,241,322
1760,935,243,322
1761,934,243,323
1762,933,242,325
1763,933,242,325
1764,933,242,325
1765,932,243,325
1766,932,241,327
1767,932,241,327
1768,932,241,327
1769,932,241,327
1770,932,240,328
1771,931,241,328
1772,931,240,329
1773,930,241,329
1774,928,243,329
1775,927,244,329
1776,927,244,329
1777,925,245,330
1778,924,246,330
1779,923,247,330
1780,922,248,330
1781,921,249,330
1782,921,249,330
1783,921,247,332
1784,920,248,332
1785,917,251,332
1786,917,250,333
1787,916,250,334
1788,915,251,334
1789,913,252,335
1790,913,252,335
1791,913,252,335
1792,913,252,335
1793,913,252,335
1794,913,252,335
1795,913,251,336
1796,913,251,336
1797,913,251,336
1798,913,251,336
1799,912,251,337
1800,911,251,338
1801,911,251,338
1802,911,251,338
1803,911,251,338
1804,909,253,338
1805,908,254,338
1806,906,256,338
1807,906,256,338
1808,905,257,338
1809,904,258,338
1810,904,257,339
1811,904,257,339
1812,904,257,339
1813,904,256,340
1814,901,259,340
1815,899,261,340
1816,898,262,340
1817,897,263,340
1818,897,263,340
1819,897,263,340
1820,896,264,340
1821,895,265,340
1822,894,266,340
1823,893,267,340
1824,893,267,340
1825,892,267,341
1826,891,268,341
1827,890,268,342
1828,890,267,343
1829,888,268,344
1830,888,268,344
1831,888,268,344
1832,887,269,344
1833,886,269,345
1834,884,270,346
1835,880,273,347
1836,879,274,347
1837,877,276,347
1838,877,276,347
1839,875,277,348
1840,875,276,349
1841,874,275,351
1842,872,277,351
1843,871,278,351
1844,871,278,351
1845,870,278,352
1846,870,278,352
1847,868,280,352
1848,867,281,352
1849,867,278,355
1850,866,278,356
1851,865,279,356
1852,865,279,356
1853,862,282,356
1854,862,282,356
1855,862,282,356
1856,860,284,356
1857,859,282,359
1858,858,282,360
1859,857,282,361
1860,857,282,361
1861,857,280,363
1862,856,280,364
1863,856,280,364
1864,854,282,364
1865,852,284,364
1866,851,285,364
1867,851,285,364
1868,850,285,365
1869,850,284,366
1870,849,285,366
1871,849,284,367
1872,849,283,368
1873,847,284,369
1874,847,282,371
1875,847,282,371
1876,847,281,372
1877,847,280,373
1878,847,280,373
1879,846,281,373
1880,845,282,373
1881,845,282,373
1882,845,282,373
1883,844,282,374
1884,844,282,374
1885,844,281,375
1886,844,281,375
1887,843,280,377
1888,843,280,377
1889,842,281,377
1890,841,282,377
1891,841,282,377
1892,839,284,377
1893,839,284,377
1894,839,284,377
1895,837,285,378
1896,837,285,378
1897,837,283,380
1898,837,282,381
1899,837,282,381
1900,837,282,381
1901,836,282,382
1902,836,282,382
1903,835,282,383
1904,834,283,383
1905,834,281,385
1906,834,281,385
1907,833,281,386
1908,832,281,387
1909,832,281,387
1910,832,280,388
1911,831,281,388
1912,830,282,388
1913,830,281,389
1914,828,283,389
1915,828,283,389
1916,827,284,389
1917,824,285,391
1918,824,285,391
1919,823,284,393
1920,821,286,393
1921,820,287,393
1922,820,287,393
1923,820,286,394
1924,820,286,394
1925,816,289,395
1926,814,290,396
1927,814,289,397
1928,814,289,397
1929,814,289,397
1930,813,290,397
1931,812,291,397
1932,810,292,398
1933,809,293,398
1934,808,294,398
1935,808,294,398
1936,808,294,398
1937,806,294,400
1938,804,296,400
1939,802,298,400
1940,802,298,400
1941,802,298,400
1942,802,297,401
1943,800,299,401
1944,800,299,401
1945,800,298,402
1946,798,300,402
1947,798,299,403
1948,797,298,405
1949,796,299,405
1950,793,302,405
1951,793,302,405
1952,792,303,405
1953,792,303,405
1954,791,302,407
1955,790,302,408
1956,788,304,408
1957,786,306,408
1958,785,307,408
1959,784,308,408
1960,784,308,408
1961,784,308,408
1962,784,308,408
1963,784,308,408
1964,783,309,408
1965,783,309,408
1966,782,310,408
1967,781,310,409
1968,781,309,410
1969,780,310,410
1970,779,311,410
1971,778,312,410
1972,778,312,410
1973,776,314,410
1974,774,316,410
1975,772,317,411
1976,772,316,412
1977,772,315,413
1978,772,315,413
1979,772,315,413
1980,772,314,414
1981,772,314,414
1982,772,313,415
1983,772,313,415
1984,771,314,415
1985,770,315,415
1986,769,316,415
1987,768,317,415
1988,766,319,415
1989,765,320,415
1990,764,320,416
1991,764,320,416
1992,763,320,417
1993,762,321,417
1994,762,321,417
1995,762,321,417
1996,761,321,418
1997,761,321,418
1998,761,321,418
1999,759,322,419
2000,759,321,420
2001,757,323,420
2002,757,323,420
2003,756,324,420
2004,756,324,420
2005,756,324,420
2006,756,324,420
2007,756,324,420
2008,755,324,421
2009,755,323,422
2010,755,323,422
2011,753,324,423
2012,752,325,423
2013,752,325,423
2014,751,323,426
2015,751,322,427
2016,751,322,427
2017,751,321,428
2018,751,319,430
2019,751,319,430
2020,750,318,432
2021,749,319,432
2022,748,320,432
2023,748,320,432
2024,746,321,433
2025,744,323,433
2026,742,324,434
2027,742,323,435
2028,741,324,435
2029,739,326,435
2030,738,326,436
2031,738,323,439
2032,736,324,440
2033,736,323,441
2034,734,325,441
2035,733,326,441
2036,732,327,441
2037,731,328,441
2038,730,328,442
2039,730,328,442
2040,728,330,442
2041,728,330,442
2042,728,330,442
2043,727,330,443
2044,727,329,444
2045,726,330,444
2046,724,332,444
2047,724,332,444
2048,724,332,444
2049,724,332,444
2050,724,331,445
2051,724,331,445
2052,723,332,445
2053,722,333,445
2054,721,331,448
2055,720,330,450
2056,720,330,450
2057,720,328,452
2058,720,328,452
2059,719,329,452
2060,718,330,452
2061,718,329,453
2062,718,328,454
2063,718,328,454
2064,718,328,454
2065,716,329,455
2066,716,329,455
2067,715,329,456
2068,714,330,456
2069,712,330,458
2070,712,330,458
2071,711,329,460
2072,709,331,460
2073,708,331,461
2074,707,332,461
2075,707,332,461
2076,706,333,461
2077,706,333,461
2078,706,333,461
2079,705,334,461
2080,705,334,461
2081,705,334,461
2082,704,333,463
2083,704,333,463
2084,704,333,463
2085,704,332,464
2086,704,332,464
2087,701,335,464
2088,700,336,464
2089,698,338,464
2090,697,338,465
2091,696,339,465
2092,696,339,465
2093,695,340,465
2094,694,341,465
2095,693,341,466
2096,692,342,466
2097,692,342,466
2098,689,344,467
2099,689,344,467
2100,689,344,467
2101,686,344,470
2102,684,346,470
2103,683,347,470
2104,683,347,470
2105,682,346,472
2106,681,346,473
2107,680,347,473
2108,680,347,473
2109,680,347,473
2110,677,350,473
2111,677,349,474
2112,677,349,474
2113,677,348,475
2114,677,348,475
2115,676,349,475
2116,676,349,475
2117,676,348,476
2118,675,348,477
2119,674,348,478
2120,672,349,479
2121,672,349,479
2122,672,349,479
2123,670,351,479
2124,669,351,480
2125,668,352,480
2126,668,352,480
2127,665,355,480
2128,665,353,482
2129,663,355,482
2130,662,356,482
2131,662,356,482
2132,661,357,482
2133,660,358,482
2134,659,358,483
2135,659,358,483
2136,659,357,484
2137,658,358,484
2138,658,357,485
2139,656,359,485
2140,656,359,485
2141,656,358,486
2142,653,360,487
2143,653,359,488
2144,653,358,489
2145,653,358,489
2146,653,358,489
2147,653,356,491
2148,653,355,492
2149,653,355,492
2150,653,355,492
2151,653,355,492
2152,652,356,492
2153,652,356,492
2154,652,354,494
2155,652,354,494
2156,652,354,494
2157,651,355,494
2158,650,355,495
2159,649,356,495
2160,648,356,496
2161,647,357,496
2162,647,356,497
2163,645,357,498
2164,644,358,498
2165,643,359,498
2166,641,361,498
2167,641,361,498
2168,641,361,498
2169,641,361,498
2170,640,361,499
2171,638,363,499
2172,638,362,500
2173,637,362,501
2174,636,363,501
2175,636,362,502
2176,635,363,502
2177,635,363,502
2178,634,364,502
2179,634,363,503
2180,634,363,503
2181,632,362,506
2182,631,362,507
2183,630,363,507
2184,630,363,507
2185,629,364,507
2186,629,364,507
2187,628,365,507
2188,627,366,507
2189,626,366,508
2190,626,366,508
2191,625,367,508
2192,625,367,508
2193,625,367,508
2194,625,366,509
2195,624,367,509
2196,623,368,509
2197,622,368,510
2198,621,368,511
2199,621,366,513
2200,620,366,514
2201,619,367,514
2202,616,370,514
2203,615,370,515
2204,615,370,515
2205,614,370,516
2206,614,369,517
2207,612,371,517
2208,612,370,518
2209,612,370,518
2210,612,370,518
2211,611,370,519
2212,609,371,520
2213,608,371,521
2214,608,371,521
2215,608,371,521
2216,608,370,522
2217,606,370,524
2218,606,369,525
2219,606,368,526
2220,605,369,526
2221,604,368,528
2222,604,368,528
2223,604,364,532
2224,604,364,532
2225,604,364,532
2226,604,363,533
2227,604,362,534
2228,604,361,535
2229,604,359,537
2230,603,360,537
2231,602,360,538
2232,602,359,539
2233,602,358,540
2234,602,357,541
2235,602,355,543
2236,601,355,544
2237,601,354,545
2238,601,354,545
2239,601,354,545
2240,600,354,546
2241,600,353,547
2242,600,352,548
2243,599,352,549
2244,599,351,550
2245,599,349,552
2246,599,348,553
2247,599,347,554
2248,599,344,557
2249,599,342,559
2250,599,342,559
2251,599,341,560
2252,598,341,561
2253,598,341,561
2254,598,340,562
2255,597,341,562
2256,594,344,562
2257,593,345,562
2258,593,345,562
2259,592,344,564
2260,592,342,566
2261,592,342,566
2262,590,343,567
2263,590,343,567
2264,590,343,567
2265,590,342,568
2266,589,343,568
2267,588,344,568
2268,588,344,568
2269,588,344,568
2270,587,345,568
2271,587,344,569
2272,587,344,569
2273,586,344,570
2274,585,342,573
2275,585,342,573
2276,584,342,574
2277,583,342,575
2278,583,341,576
2279,583,339,578
2280,583,339,578
2281,582,339,579
2282,582,339,579
2283,581,340,579
2284,579,341,580
2285,579,338,583
2286,578,339,583
2287,577,339,584
2288,577,337,586
2289,575,338,587
2290,575,338,587
2291,575,338,587
2292,575,338,587
2293,574,339,587
2294,574,339,587
2295,574,339,587
2296,574,339,587
2297,573,340,587
2298,573,339,588
2299,573,339,588
2300,573,338,589
2301,573,338,589
2302,573,338,589
2303,573,338,589
2304,573,336,591
2305,573,335,592
2306,573,333,594
2307,573,333,594
2308,573,332,595
2309,572,332,596
2310,571,333,596
2311,571,333,596
2312,571,333,596
2313,570,334,596
2314,569,331,600
2315,567,332,601
2316,567,331,602
2317,565,332,603
2318,565,332,603
2319,565,332,603
2320,564,331,605
2321,564,331,605
2322,564,330,606
2323,562,331,607
2324,561,332,607
2325,561,331,608
2326,560,330,610
2327,558,332,610
2328,558,331,611
2329,558,330,612
2330,558,330,612
2331,558,330,612
2332,558,328,614
2333,558,328,614
2334,558,324,618
2335,558,322,620
2336,558,320,622
2337,558,319,623
2338,557,319,624
2339,556,319,625
2340,554,321,625
2341,554,319,627
2342,554,318,628
2343,554,317,629
2344,554,316,630
2345,554,316,630
2346,552,318,630
2347,552,316,632
2348,552,315,633
2349,551,316,633
2350,550,316,634
2351,550,315,635
2352,549,315,636
2353,549,313,638
2354,549,313,638
2355,549,313,638
2356,548,312,640
2357,548,311,641
2358,548,309,643
2359,546,311,643
2360,546,311,643
2361,545,312,643
2362,544,312,644
2363,543,313,644
2364,543,311,646
2365,542,310,648
2366,540,311,649
2367,540,311,649
2368,540,310,650
2369,538,311,651
2370,536,313,651
2371,536,313,651
2372,536,312,652
2373,534,313,653
2374,534,313,653
2375,534,313,653
2376,533,314,653
2377,533,314,653
2378,533,313,654
2379,532,314,654
2380,532,313,655
2381,532,313,655
2382,531,314,655
2383,531,313,656
2384,530,314,656
2385,529,315,656
2386,529,315,656
2387,529,314,657
2388,529,314,657
2389,529,313,658
2390,528,313,659
2391,527,314,659
2392,526,313,661
2393,525,314,661
2394,525,314,661
2395,525,312,663
2396,524,313,663
2397,523,314,663
2398,523,314,663
2399,523,314,663
2400,523,314,663
2401,522,314,664
2402,522,314,664
2403,522,312,666
2404,522,312,666
2405,522,312,666
2406,521,313,666
2407,520,312,668
2408,519,313,668
2409,519,313,668
2410,519,313,668
2411,519,312,669
2412,518,312,670
2413,517,313,670
2414,517,311,672
2415,516,312,672
2416,515,311,674
2417,515,309,676
2418,515,309,676
2419,515,308,677
2420,514,307,679
2421,514,306,680
2422,514,306,680
2423,514,306,680
2424,514,306,680
2425,513,303,684
2426,512,302,686
2427,510,304,686
2428,510,304,686
2429,510,304,686
2430,510,303,687
2431,509,303,688
2432,509,300,691
2433,509,300,691
2434,509,299,692
2435,509,299,692
2436,509,299,692
2437,509,296,695
2438,509,294,697
2439,508,294,698
2440,506,296,698
2441,506,296,698
2442,506,295,699
2443,506,294,700
2444,506,294,700
2445,506,294,700
2446,506,292,702
2447,504,294,702
2448,504,292,704
2449,504,292,704
2450,504,289,707
2451,504,289,707
2452,504,288,708
2453,503,289,708
2454,503,287,710
2455,503,287,710
2456,503,285,712
2457,502,283,715
2458,502,283,715
2459,502,282,716
2460,500,284,716
2461,500,284,716
2462,499,285,716
2463,499,285,716
2464,499,284,717
2465,499,284,717
2466,499,283,718
2467,498,283,719
2468,498,283,719
2469,498,282,720
2470,497,282,721
2471,497,281,722
2472,497,280,723
2473,497,279,724
2474,497,277,726
2475,497,275,728
2476,496,276,728
2477,496,276,728
2478,496,276,728
2479,496,276,728
2480,493,279,728
2481,493,279,728
2482,493,279,728
2483,493,279,728
2484,493,278,729
2485,491,279,730
2486,490,279,731
2487,490,278,732
2488,490,275,735
2489,490,275,735
2490,490,274,736
2491,490,273,737
2492,490,273,737
2493,490,272,738
2494,490,272,738
2495,490,272,738
2496,489,272,739
2497,489,272,739
2498,489,272,739
2499,487,272,741
2500,486,273,741
2501,486,271,743
2502,485,272,743
2503,484,272,744
2504,484,272,744
2505,484,272,744
2506,484,272,744
2507,484,272,744
2508,484,271,745
2509,483,272,745
2510,483,271,746
2511,483,270,747
2512,483,269,748
2513,482,270,748
2514,482,269,749
2515,482,269,749
2516,480,271,749
2517,479,272,749
2518,477,274,749
2519,477,274,749
2520,477,273,750
2521,476,272,752
2522,475,273,752
2523,475,271,754
2524,475,271,754
2525,474,270,756
2526,474,268,758
2527,473,269,758
2528,473,267,760
2529,473,266,761
2530,473,265,762
2531,472,265,763
2532,472,264,764
2533,472,264,764
2534,471,263,766
2535,470,263,767
2536,469,263,768
2537,468,263,769
2538,468,262,770
2539,468,261,771
2540,468,260,772
2541,468,260,772
2542,468,260,772
2543,468,259,773
2544,468,258,774
2545,468,257,775
2546,468,256,776
2547,468,256,776
2548,468,256,776
2549,468,256,776
2550,468,256,776
2551,468,256,776
2552,468,255,777
2553,467,255,778
2554,467,254,779
2555,467,253,780
2556,467,253,780
2557,467,253,780
2558,467,253,780
2559,467,252,781
2560,467,251,782
2561,467,251,782
2562,467,251,782
2563,467,251,782
2564,467,251,782
2565,467,249,784
2566,467,249,784
2567,467,248,785
2568,467,247,786
2569,467,245,788
2570,467,245,788
2571,467,244,789
2572,467,242,791
2573,467,241,792
2574,467,240,793
2575,466,241,793
2576,465,241,794
2577,465,241,794
2578,465,240,795
2579,465,240,795
2580,464,241,795
2581,463,242,795
2582,463,241,796
2583,463,241,796
2584,463,241,796
2585,463,241,796
2586,463,240,797
2587,463,238,799
2588,463,237,800
2589,463,234,803
2590,463,234,803
2591,463,233,804
2592,463,233,804
2593,462,233,805
2594,462,232,806
2595,462,231,807
2596,462,230,808
2597,462,230,808
2598,462,227,811
2599,462,227,811
2600,462,227,811
2601,462,222,816
2602,462,222,816
2603,462,221,817
2604,462,221,817
2605,462,219,819
2606,461,220,819
2607,461,219,820
2608,461,219,820
2609,460,220,820
2610,460,217,823
2611,460,217,823
2612,460,217,823
2613,459,218,823
2614,459,218,823
2615,459,217,824
2616,459,217,824
2617,459,217,824
2618,459,216,825
2619,459,215,826
2620,459,213,828
2621,459,213,828
2622,459,212,829
2623,459,211,830
2624,459,209,832
2625,459,209,832
2626,459,209,832
2627,459,206,835
2628,459,206,835
2629,459,204,837
2630,459,203,838
2631,459,203,838
2632,459,202,839
2633,459,201,840
2634,459,200,841
2635,459,200,841
2636,459,200,841
2637,459,199,842
2638,459,199,842
2639,459,197,844
2640,459,197,844
2641,459,196,845
2642,459,194,847
2643,459,194,847
2644,459,194,847
2645,459,194,847
2646,457,196,847
2647,457,196,847
2648,457,196,847
2649,457,196,847
2650,457,196,847
2651,457,196,847
2652,457,195,848
2653,457,195,848
2654,457,195,848
2655,457,195,848
2656,457,194,849
2657,457,194,849
2658,456,194,850
2659,456,193,851
2660,456,192,852
2661,456,191,853
2662,456,191,853
2663,456,189,855
2664,456,188,856
2665,456,187,857
2666,456,185,859
2667,456,185,859
2668,456,185,859
2669,456,185,859
2670,456,183,861
2671,456,182,862
2672,456,182,862
2673,456,181,863
2674,456,180,864
2675,456,180,864
2676,456,179,865
2677,456,179,865
2678,456,178,866
2679,456,178,866
2680,456,177,867
2681,456,175,869
2682,456,175,869
2683,456,174,870
2684,456,174,870
2685,456,173,871
2686,456,173,871
2687,456,172,872
2688,456,171,873
2689,456,170,874
2690,456,170,874
2691,456,169,875
2692,456,169,875
2693,456,169,875
2694,456,169,875
2695,456,168,876
2696,454,169,877
2697,454,168,878
2698,454,167,879
2699,453,168,879
2700,453,167,880
2701,453,165,882
2702,453,163,884
2703,453,162,885
2704,453,162,885
2705,453,161,886
2706,453,160,887
2707,453,159,888
2708,453,159,888
2709,453,159,888
2710,453,159,888
2711,453,158,889
2712,453,156,891
2713,453,155,892
2714,453,155,892
2715,453,155,892
2716,453,154,893
2717,453,153,894
2718,453,153,894
2719,453,153,894
2720,453,151,896
2721,453,151,896
2722,453,151,896
2723,452,152,896
2724,452,152,896
2725,452,152,896
2726,452,152,896
2727,452,152,896
2728,451,153,896
2729,451,153,896
2730,451,152,897
2731,451,151,898
2732,451,151,898
2733,451,151,898
2734,451,151,898
2735,451,151,898
2736,450,151,899
2737,450,151,899
2738,450,151,899
2739,450,151,899
2740,450,150,900
2741,450,150,900
2742,450,150,900
2743,449,150,901
2744,449,150,901
2745,449,150,901
2746,447,152,901
2747,447,152,901
2748,446,153,901
2749,446,153,901
2750,445,154,901
2751,444,155,901
2752,444,154,902
2753,444,154,902
2754,444,154,902
2755,444,153,903
2756,443,150,907
2757,443,150,907
2758,442,151,907
2759,442,150,908
2760,442,150,908
2761,442,150,908
2762,442,148,910
2763,442,148,910
2764,442,148,910
2765,442,148,910
2766,442,147,911
2767,442,146,912
2768,442,146,912
2769,442,146,912
2770,442,145,913
2771,442,145,913
2772,442,145,913
2773,442,144,914
2774,441,144,915
2775,441,144,915
2776,441,143,916
2777,441,142,917
2778,441,142,917
2779,439,144,917
2780,439,143,918
2781,439,143,918
2782,439,143,918
2783,439,142,919
2784,439,140,921
2785,439,139,922
2786,439,139,922
2787,439,138,923
2788,439,137,924
2789,439,136,925
2790,439,136,925
2791,439,136,925
2792,439,136,925
2793,439,135,926
2794,438,136,926
2795,438,136,926
2796,438,136,926
2797,438,135,927
2798,437,136,927
2799,437,136,927
2800,437,136,927
2801,437,136,927
2802,437,136,927
2803,437,136,927
2804,437,136,927
2805,437,136,927
2806,437,136,927
2807,437,136,927
2808,437,136,927
2809,436,136,928
2810,436,135,929
2811,436,135,929
2812,436,135,929
2813,435,135,930
2814,435,133,932
2815,435,132,933
2816,435,132,933
2817,435,130,935
2818,435,130,935
2819,435,129,936
2820,435,129,936
2821,435,129,936
2822,435,129,936
2823,435,127,938
2824,435,126,939
2825,434,126,940
2826,434,126,940
2827,434,124,942
2828,433,125,942
2829,433,125,942
2830,432,126,942
2831,431,127,942
2832,431,127,942
2833,431,127,942
2834,431,127,942
2835,431,127,942
2836,431,127,942
2837,431,127,942
2838,431,126,943
2839,430,125,945
2840,430,124,946
2841,429,125,946
2842,429,125,946
2843,429,125,946
2844,429,125,946
2845,429,125,946
2846,429,123,948
2847,429,123,948
2848,429,123,948
2849,429,122,949
2850,429,121,950
2851,429,121,950
2852,429,120,951
2853,429,120,951
2854,428,121,951
2855,427,122,951
2856,427,121,952
2857,427,121,952
2858,427,121,952
2859,427,119,954
2860,427,119,954
2861,427,118,955
2862,426,118,956
2863,426,117,957
2864,426,117,957
2865,425,117,958
2866,425,115,960
2867,425,115,960
2868,425,115,960
2869,425,112,963
2870,424,112,964
2871,424,112,964
2872,424,111,965
2873,423,111,966
2874,423,111,966
2875,423,111,966
2876,423,110,967
2877,423,110,967
2878,423,109,968
2879,423,109,968
2880,423,109,968
2881,423,109,968
2882,423,108,969
2883,423,108,969
2884,423,107,970
2885,423,106,971
2886,423,106,971
2887,423,106,971
2888,422,107,971
2889,422,107,971
2890,421,107,972
2891,421,106,973
2892,421,105,974
2893,419,106,975
2894,419,106,975
2895,419,106,975
2896,418,106,976
2897,416,107,977
2898,416,107,977
2899,416,107,977
2900,416,107,977
2901,416,106,978
2902,416,106,978
2903,415,107,978
2904,415,107,978
2905,415,107,978
2906,415,106,979
2907,415,105,980
2908,415,104,981
2909,415,104,981
2910,415,104,981
2911,415,104,981
2912,415,103,982
2913,415,102,983
2914,414,103,983
2915,414,102,984
2916,414,101,985
2917,414,101,985
2918,413,102,985
2919,412,103,985
2920,411,103,986
2921,411,103,986
2922,411,103,986
2923,411,103,986
2924,411,103,986
2925,411,102,987
2926,411,101,988
2927,411,99,990
2928,411,99,990
2929,411,99,990
2930,410,100,990
2931,410,99,991
2932,410,99,991
2933,410,99,991
2934,409,100,991
2935,409,100,991
2936,409,100,991
2937,409,100,991
2938,409,100,991
2939,409,99,992
2940,409,97,994
2941,408,98,994
2942,407,99,994
2943,406,100,994
2944,406,100,994
2945,406,100,994
2946,406,100,994
2947,406,98,996
2948,405,99,996
2949,405,99,996
2950,405,99,996
2951,405,99,996
2952,405,99,996
2953,404,99,997
2954,404,99,997
2955,404,99,997
2956,404,99,997
2957,404,98,998
2958,404,98,998
2959,404,97,999
2960,404,96,1000
2961,404,96,1000
2962,404,95,1001
2963,404,95,1001
2964,404,95,1001
2965,404,95,1001
2966,404,95,1001
2967,404,94,1002
2968,404,94,1002
2969,403,95,1002
2970,402,95,1003
2971,401,96,1003
2972,401,96,1003
2973,401,96,1003
2974,401,96,1003
2975,400,96,1004
2976,400,96,1004
2977,400,96,1004
2978,399,97,1004
2979,398,97,1005
2980,398,95,1007
2981,398,95,1007
2982,398,95,1007
2983,398,95,1007
2984,398,95,1007
2985,398,93,1009
2986,398,92,1010
2987,398,92,1010
2988,398,92,1010
2989,398,92,1010
2990,397,93,1010
2991,397,93,1010
2992,397,93,1010
2993,397,93,1010
2994,397,93,1010
2995,397,93,1010
2996,396,93,1011
2997,395,94,1011
2998,395,94,1011
2999,395,91,1014
3000,395,91,1014
3001,394,91,1015
3002,394,91,1015
3003,394,90,1016
3004,393,91,1016
3005,393,91,1016
3006,393,91,1016
3007,393,91,1016
3008,393,91,1016
3009,392,91,1017
3010,392,91,1017
3011,392,91,1017
3012,392,91,1017
3013,392,90,1018
3014,392,90,1018
3015,392,90,1018
3016,392,88,1020
3017,392,87,1021
3018,392,85,1023
3019,392,85,1023
3020,392,85,1023
3021,392,83,1025
3022,391,84,1025
3023,391,84,1025
3024,391,84,1025
3025,391,83,1026
3026,390,84,1026
3027,389,84,1027
3028,389,84,1027
3029,389,84,1027
3030,389,84,1027
3031,389,83,1028
3032,388,84,1028
3033,388,84,1028
3034,388,83,1029
3035,388,82,1030
3036,388,81,1031
3037,387,81,1032
3038,387,81,1032
3039,386,82,1032
3040,385,83,1032
3041,385,83,1032
3042,383,85,1032
3043,382,86,1032
3044,382,86,1032
3045,382,86,1032
3046,382,86,1032
3047,382,86,1032
3048,382,86,1032
3049,382,86,1032
3050,382,86,1032
3051,382,86,1032
3052,382,86,1032
3053,382,85,1033
3054,382,85,1033
3055,381,86,1033
3056,381,86,1033
3057,381,86,1033
3058,381,86,1033
3059,381,86,1033
3060,380,87,1033
3061,380,87,1033
3062,379,88,1033
3063,379,88,1033
3064,379,88,1033
3065,379,88,1033
3066,379,88,1033
3067,378,89,1033
3068,377,90,1033
3069,377,90,1033
3070,376,91,1033
3071,375,92,1033
3072,375,92,1033
3073,375,92,1033
3074,375,92,1033
3075,375,91,1034
3076,375,90,1035
3077,375,90,1035
3078,375,90,1035
3079,375,90,1035
3080,374,90,1036
3081,373,90,1037
3082,373,90,1037
3083,372,91,1037
3084,372,91,1037
3085,372,91,1037
3086,372,91,1037
3087,372,91,1037
3088,372,91,1037
3089,371,92,1037
3090,369,94,1037
3091,369,94,1037
3092,369,94,1037
3093,369,93,1038
3094,369,93,1038
3095,369,93,1038
3096,369,93,1038
3097,368,94,1038
3098,367,95,1038
3099,367,95,1038
3100,367,95,1038
3101,367,95,1038
3102,366,96,1038
3103,366,96,1038
3104,366,96,1038
3105,366,96,1038
3106,366,95,1039
3107,366,95,1039
3108,366,95,1039
3109,366,94,1040
3110,366,94,1040
3111,366,94,1040
3112,366,94,1040
3113,366,93,1041
3114,366,93,1041
3115,366,93,1041
3116,365,94,1041
3117,365,94,1041
3118,363,96,1041
3119,363,96,1041
3120,363,96,1041
3121,363,96,1041
3122,363,96,1041
3123,363,96,1041
3124,363,96,1041
3125,363,96,1041
3126,363,96,1041
3127,362,97,1041
3128,362,97,1041
3129,362,97,1041
3130,362,97,1041
3131,362,97,1041
3132,362,97,1041
3133,362,97,1041
3134,362,97,1041
3135,362,97,1041
3136,361,98,1041
3137,361,98,1041
3138,361,98,1041
3139,361,98,1041
3140,361,98,1041
3141,361,98,1041
3142,361,98,1041
3143,361,98,1041
3144,361,98,1041
3145,361,97,1042
3146,361,96,1043
3147,360,97,1043
3148,360,97,1043
3149,359,98,1043
3150,359,98,1043
3151,359,98,1043
3152,359,98,1043
3153,358,99,1043
3154,358,99,1043
3155,358,99,1043
3156,357,100,1043
3157,357,100,1043
3158,357,99,1044
3159,356,100,1044
3160,356,100,1044
3161,356,100,1044
3162,356,100,1044
3163,356,100,1044
3164,356,100,1044
3165,356,100,1044
3166,355,101,1044
3167,353,103,1044
3168,353,103,1044
3169,353,103,1044
3170,353,103,1044
3171,353,103,1044
3172,353,103,1044
3173,353,103,1044
3174,353,103,1044
3175,353,103,1044
3176,353,103,1044
3177,352,104,1044
3178,352,104,1044
3179,352,104,1044
3180,351,105,1044
3181,351,105,1044
3182,351,105,1044
3183,351,105,1044
3184,350,106,1044
3185,350,106,1044
3186,350,106,1044
3187,350,106,1044
3188,350,106,1044
3189,348,108,1044
3190,348,108,1044
3191,348,108,1044
3192,348,108,1044
3193,347,109,1044
3194,347,109,1044
3195,347,108,1045
3196,347,107,1046
3197,347,107,1046
3198,347,107,1046
3199,347,106,1047
3200,346,107,1047
3201,346,107,1047
3202,345,108,1047
3203,345,108,1047
3204,345,108,1047
3205,345,108,1047
3206,345,108,1047
3207,345,108,1047
3208,345,108,1047
3209,345,108,1047
3210,345,108,1047
3211,345,108,1047
3212,345,108,1047
3213,345,108,1047
3214,345,108,1047
3215,344,109,1047
3216,344,109,1047
3217,344,109,1047
3218,344,109,1047
3219,344,109,1047
3220,344,109,1047
3221,344,109,1047
3222,344,108,1048
3223,344,108,1048
3224,344,108,1048
3225,344,108,1048
3226,344,108,1048
3227,344,108,1048
3228,344,107,1049
3229,344,107,1049
3230,344,107,1049
3231,344,107,1049
3232,344,107,1049
3233,344,107,1049
3234,344,107,1049
3235,344,107,1049
3236,343,107,1050
3237,343,107,1050
3238,343,107,1050
3239,343,107,1050
3240,343,107,1050
3241,343,107,1050
3242,342,107,1051
3243,342,107,1051
3244,341,108,1051
3245,341,108,1051
3246,341,106,1053
3247,341,106,1053
3248,341,105,1054
3249,341,105,1054
3250,341,104,1055
3251,341,103,1056
3252,341,103,1056
3253,341,103,1056
3254,341,103,1056
3255,341,103,1056
3256,341,102,1057
3257,341,102,1057
3258,341,101,1058
3259,341,101,1058
3260,341,101,1058
3261,341,101,1058
3262,341,101,1058
3263,341,101,1058
3264,341,101,1058
3265,341,101,1058
3266,341,101,1058
3267,341,101,1058
3268,341,101,1058
3269,341,101,1058
3270,340,102,1058
3271,340,102,1058
3272,340,102,1058
3273,340,102,1058
3274,340,101,1059
3275,340,101,1059
3276,340,101,1059
3277,340,101,1059
3278,340,101,1059
3279,340,99,1061
3280,340,99,1061
3281,340,99,1061
3282,340,99,1061
3283,340,99,1061
3284,339,100,1061
3285,339,100,1061
3286,339,100,1061
3287,338,101,1061
3288,338,101,1061
3289,338,101,1061
3290,338,101,1061
3291,338,101,1061
3292,338,101,1061
3293,338,101,1061
3294,338,100,1062
3295,338,100,1062
3296,338,100,1062
3297,338,100,1062
3298,338,99,1063
3299,338,99,1063
3300,338,99,1063
3301,338,99,1063
3302,338,99,1063
3303,338,99,1063
3304,338,99,1063
3305,338,99,1063
3306,338,99,1063
3307,338,99,1063
3308,338,98,1064
3309,338,98,1064
3310,338,98,1064
3311,338,98,1064
3312,338,98,1064
3313,337,98,1065
3314,337,98,1065
3315,337,98,1065
3316,337,98,1065
3317,337,98,1065
3318,337,98,1065
3319,336,99,1065
3320,336,99,1065
3321,336,99,1065
3322,336,99,1065
3323,336,99,1065
3324,336,99,1065
3325,336,98,1066
3326,336,98,1066
3327,336,98,1066
3328,336,97,1067
3329,336,97,1067
3330,336,95,1069
3331,336,95,1069
3332,336,95,1069
3333,336,95,1069
3334,336,95,1069
3335,336,95,1069
3336,336,95,1069
3337,336,95,1069
3338,336,95,1069
3339,336,94,1070
3340,336,94,1070
3341,335,94,1071
3342,335,94,1071
3343,335,94,1071
3344,335,94,1071
3345,335,94,1071
3346,335,94,1071
3347,335,94,1071
3348,335,94,1071
3349,335,94,1071
3350,335,94,1071
3351,335,94,1071
3352,335,94,1071
3353,335,94,1071
3354,335,93,1072
3355,335,92,1073
3356,335,92,1073
3357,335,92,1073
3358,335,92,1073
3359,334,93,1073
3360,334,93,1073
3361,334,92,1074
3362,334,92,1074
3363,334,92,1074
3364,334,92,1074
3365,334,91,1075
3366,334,91,1075
3367,334,91,1075
3368,334,91,1075
3369,334,91,1075
3370,334,90,1076
3371,334,90,1076
3372,334,89,1077
3373,334,89,1077
3374,334,89,1077
3375,333,90,1077
3376,333,90,1077
3377,332,91,1077
3378,331,92,1077
3379,331,92,1077
3380,331,92,1077
3381,330,93,1077
3382,330,93,1077
3383,330,93,1077
3384,330,93,1077
3385,329,94,1077
3386,329,94,1077
3387,329,93,1078
3388,327,95,1078
3389,327,95,1078
3390,326,95,1079
3391,325,96,1079
3392,325,95,1080
3393,325,94,1081
3394,325,94,1081
3395,325,94,1081
3396,325,93,1082
3397,325,91,1084
3398,325,91,1084
3399,325,91,1084
3400,325,91,1084
3401,325,91,1084
3402,325,91,1084
3403,325,90,1085
3404,325,90,1085
3405,325,90,1085
3406,324,91,1085
3407,324,91,1085
3408,324,91,1085
3409,324,91,1085
3410,324,91,1085
3411,324,91,1085
3412,324,91,1085
3413,324,91,1085
3414,324,90,1086
3415,324,90,1086
3416,324,90,1086
3417,324,90,1086
3418,324,89,1087
3419,324,88,1088
3420,324,87,1089
3421,323,88,1089
3422,323,88,1089
3423,323,88,1089
3424,323,88,1089
3425,323,88,1089
3426,323,88,1089
3427,322,89,1089
3428,322,89,1089
3429,322,89,1089
3430,322,88,1090
3431,321,89,1090
3432,321,89,1090
3433,321,89,1090
3434,321,88,1091
3435,321,88,1091
3436,321,88,1091
3437,321,88,1091
3438,321,88,1091
3439,321,88,1091
3440,321,88,1091
3441,321,87,1092
3442,321,86,1093
3443,321,85,1094
3444,321,85,1094
3445,320,86,1094
3446,320,86,1094
3447,320,86,1094
3448,320,85,1095
3449,320,85,1095
3450,320,85,1095
3451,319,86,1095
3452,318,86,1096
3453,318,86,1096
3454,318,86,1096
3455,318,86,1096
3456,317,87,1096
3457,317,87,1096
3458,317,87,1096
3459,317,87,1096
3460,317,87,1096
3461,317,87,1096
3462,317,87,1096
3463,317,87,1096
3464,317,87,1096
3465,317,87,1096
3466,317,87,1096
3467,317,87,1096
3468,317,86,1097
3469,317,86,1097
3470,317,85,1098
3471,317,84,1099
3472,317,84,1099
3473,317,84,1099
3474,317,84,1099
3475,317,83,1100
3476,317,83,1100
3477,317,82,1101
3478,317,82,1101
3479,317,81,1102
3480,317,81,1102
3481,317,81,1102
3482,317,81,1102
3483,317,81,1102
3484,317,81,1102
3485,317,81,1102
3486,317,81,1102
3487,317,81,1102
3488,317,81,1102
3489,317,81,1102
3490,317,80,1103
3491,317,80,1103
3492,317,80,1103
3493,317,80,1103
3494,317,80,1103
3495,317,79,1104
3496,317,79,1104
3497,316,79,1105
3498,316,79,1105
3499,316,79,1105
3500,316,79,1105
3501,316,78,1106
3502,316,78,1106
3503,316,78,1106
3504,316,77,1107
3505,316,77,1107
3506,316,77,1107
3507,316,77,1107
3508,316,76,1108
3509,316,76,1108
3510,316,76,1108
3511,316,76,1108
3512,316,76,1108
3513,316,76,1108
3514,316,76,1108
3515,316,76,1108
3516,316,76,1108
3517,316,76,1108
3518,316,76,1108
3519,316,76,1108
3520,316,76,1108
3521,316,76,1108
3522,316,75,1109
3523,316,75,1109
3524,316,75,1109
3525,316,74,1110
3526,316,74,1110
3527,316,73,1111
3528,316,73,1111
3529,316,73,1111
3530,316,73,1111
3531,316,73,1111
3532,316,72,1112
3533,316,72,1112
3534,316,72,1112
3535,316,72,1112
3536,316,72,1112
3537,316,71,1113
3538,316,71,1113
3539,316,70,1114
3540,316,69,1115
3541,316,69,1115
3542,316,67,1117
3543,316,66,1118
3544,316,66,1118
3545,316,66,1118
3546,316,66,1118
3547,316,66,1118
3548,316,66,1118
3549,316,66,1118
3550,316,66,1118
3551,316,66,1118
3552,316,66,1118
3553,316,66,1118
3554,316,66,1118
3555,316,65,1119
3556,316,65,1119
3557,316,65,1119
3558,316,65,1119
3559,316,65,1119
3560,316,64,1120
3561,316,64,1120
3562,316,63,1121
3563,316,63,1121
3564,316,63,1121
3565,316,63,1121
3566,316,63,1121
3567,316,62,1122
3568,316,61,1123
3569,316,61,1123
3570,316,60,1124
3571,316,59,1125
3572,316,59,1125
3573,316,59,1125
3574,316,59,1125
3575,316,59,1125
3576,316,59,1125
3577,316,59,1125
3578,316,59,1125
3579,316,58,1126
3580,316,58,1126
3581,316,57,1127
3582,316,56,1128
3583,316,56,1128
3584,316,56,1128
3585,316,56,1128
3586,316,56,1128
3587,316,56,1128
3588,316,56,1128
3589,316,55,1129
3590,316,53,1131
3591,316,53,1131
3592,316,53,1131
3593,316,53,1131
3594,316,53,1131
3595,316,53,1131
3596,316,53,1131
3597,316,52,1132
3598,316,51,1133
3599,316,51,1133
3600,316,51,1133
3601,316,51,1133
3602,316,50,1134
3603,316,50,1134
3604,316,50,1134
3605,316,50,1134
3606,316,50,1134
3607,316,50,1134
3608,316,50,1134
3609,316,50,1134
3610,316,50,1134
3611,316,50,1134
3612,316,50,1134
3613,316,50,1134
3614,316,50,1134
3615,316,50,1134
3616,316,49,1135
3617,316,48,1136
3618,316,47,1137
3619,316,47,1137
3620,316,47,1137
3621,316,47,1137
3622,316,47,1137
3623,316,47,1137
3624,316,47,1137
3625,316,47,1137
3626,316,47,1137
3627,316,46,1138
3628,316,46,1138
3629,316,46,1138
3630,316,46,1138
3631,316,46,1138
3632,316,46,1138
3633,316,46,1138
3634,316,46,1138
3635,316,46,1138
3636,316,45,1139
3637,316,45,1139
3638,316,45,1139
3639,316,45,1139
3640,316,45,1139
3641,316,45,1139
3642,316,45,1139
3643,316,45,1139
3644,316,45,1139
3645,316,45,1139
3646,316,45,1139
3647,316,44,1140
3648,316,44,1140
3649,316,43,1141
3650,316,43,1141
3651,316,43,1141
3652,316,42,1142
3653,316,42,1142
3654,316,42,1142
3655,316,42,1142
3656,316,41,1143
3657,316,41,1143
3658,316,41,1143
3659,316,40,1144
3660,316,40,1144
3661,316,40,1144
3662,316,40,1144
3663,316,40,1144
3664,316,40,1144
3665,316,40,1144
3666,316,39,1145
3667,316,37,1147
3668,316,37,1147
3669,316,37,1147
3670,316,37,1147
3671,316,37,1147
3672,316,37,1147
3673,315,38,1147
3674,315,38,1147
3675,315,38,1147
3676,315,38,1147
3677,315,37,1148
3678,315,37,1148
3679,315,36,1149
3680,315,36,1149
3681,315,36,1149
3682,315,36,1149
3683,315,36,1149
3684,315,35,1150
3685,315,35,1150
3686,315,35,1150
3687,315,35,1150
3688,315,35,1150
3689,315,33,1152
3690,315,33,1152
3691,315,33,1152
3692,315,33,1152
3693,315,32,1153
3694,315,32,1153
3695,315,32,1153
3696,315,32,1153
3697,315,32,1153
3698,315,32,1153
3699,315,32,1153
3700,315,31,1154
3701,315,31,1154
3702,315,30,1155
3703,315,30,1155
3704,315,30,1155
3705,315,30,1155
3706,315,30,1155
3707,315,30,1155
3708,315,30,1155
3709,315,30,1155
3710,315,30,1155
3711,315,30,1155
3712,315,30,1155
3713,315,30,1155
3714,315,30,1155
3715,315,29,1156
3716,315,29,1156
3717,315,29,1156
3718,315,29,1156
3719,315,29,1156
3720,315,29,1156
3721,315,29,1156
3722,315,29,1156
3723,315,29,1156
3724,315,29,1156
3725,315,29,1156
3726,315,29,1156
3727,315,29,1156
3728,315,29,1156
3729,315,29,1156
3730,315,29,1156
3731,315,29,1156
3732,315,29,1156
3733,315,29,1156
3734,315,29,1156
3735,315,29,1156
3736,315,28,1157
3737,315,28,1157
3738,315,28,1157
3739,315,28,1157
3740,315,28,1157
3741,315,28,1157
3742,315,27,1158
3743,315,27,1158
3744,315,26,1159
3745,315,26,1159
3746,315,26,1159
3747,315,26,1159
3748,315,26,1159
3749,315,26,1159
3750,315,26,1159
3751,315,26,1159
3752,315,26,1159
3753,315,26,1159
3754,315,26,1159
3755,315,26,1159
3756,315,26,1159
3757,315,26,1159
3758,315,26,1159
3759,315,26,1159
3760,315,26,1159
3761,315,26,1159
3762,315,26,1159
3763,315,26,1159
3764,315,26,1159
3765,315,26,1159
3766,315,26,1159
3767,315,26,1159
3768,315,26,1159
3769,315,26,1159
3770,315,25,1160
3771,315,25,1160
3772,315,25,1160
3773,315,25,1160
3774,315,25,1160
3775,315,25,1160
3776,315,25,1160
3777,315,25,1160
3778,315,25,1160
3779,315,25,1160
3780,315,25,1160
3781,315,25,1160
3782,315,25,1160
3783,315,25,1160
3784,315,24,1161
3785,315,24,1161
3786,315,24,1161
3787,315,23,1162
3788,315,23,1162
3789,315,23,1162
3790,315,23,1162
3791,315,23,1162
3792,315,23,1162
3793,315,23,1162
3794,315,23,1162
3795,315,23,1162
3796,315,23,1162
3797,315,23,1162
3798,315,23,1162
3799,315,23,1162
3800,315,23,1162
3801,315,23,1162
3802,315,23,1162
3803,315,23,1162
3804,315,23,1162
3805,315,23,1162
3806,315,23,1162
3807,315,23,1162
3808,315,23,1162
3809,315,23,1162
3810,315,23,1162
3811,315,23,1162
3812,315,23,1162
3813,315,22,1163
3814,315,22,1163
3815,315,22,1163
3816,315,22,1163
3817,315,22,1163
3818,315,22,1163
3819,315,21,1164
3820,315,21,1164
3821,315,21,1164
3822,315,21,1164
3823,315,21,1164
3824,315,21,1164
3825,315,21,1164
3826,315,21,1164
3827,315,21,1164
3828,315,21,1164
3829,315,21,1164
3830,315,21,1164
3831,315,21,1164
3832,315,21,1164
3833,315,21,1164
3834,315,21,1164
3835,315,21,1164
3836,315,21,1164
3837,315,21,1164
3838,315,21,1164
3839,315,21,1164
3840,315,21,1164
3841,315,20,1165
3842,315,20,1165
3843,315,20,1165
3844,315,20,1165
3845,315,20,1165
3846,315,20,1165
3847,315,20,1165
3848,315,20,1165
3849,315,20,1165
3850,315,20,1165
3851,315,20,1165
3852,315,20,1165
3853,315,20,1165
3854,315,20,1165
3855,315,20,1165
3856,315,20,1165
3857,315,20,1165
3858,315,19,1166
3859,315,19,1166
3860,315,19,1166
3861,315,19,1166
3862,315,19,1166
3863,315,19,1166
3864,315,19,1166
3865,315,19,1166
3866,315,19,1166
3867,315,19,1166
3868,315,19,1166
3869,315,19,1166
3870,315,19,1166
3871,315,19,1166
3872,315,19,1166
3873,315,19,1166
3874,315,19,1166
3875,315,18,1167
3876,315,18,1167
3877,315,16,1169
3878,315,16,1169
3879,315,16,1169
3880,315,15,1170
3881,315,15,1170
3882,315,15,1170
3883,315,15,1170
3884,315,15,1170
3885,315,14,1171
3886,315,14,1171
3887,315,14,1171
3888,315,12,1173
3889,315,12,1173
3890,315,11,1174
3891,315,10,1175
3892,315,10,1175
3893,315,10,1175
3894,315,10,1175
3895,315,10,1175
3896,315,10,1175
3897,315,10,1175
3898,315,10,1175
3899,315,10,1175
3900,315,10,1175
3901,315,10,1175
3902,315,10,1175
3903,315,10,1175
3904,315,10,1175
3905,315,9,1176
3906,315,9,1176
3907,315,9,1176
3908,315,9,1176
3909,315,9,1176
3910,315,9,1176
3911,315,9,1176
3912,315,9,1176
3913,315,9,1176
3914,315,9,1176
3915,315,9,1176
3916,315,9,1176
3917,315,9,1176
3918,315,9,1176
3919,315,9,1176
3920,315,9,1176
3921,315,8,1177
3922,315,8,1177
3923,315,8,1177
3924,315,8,1177
3925,315,8,1177
3926,315,8,1177
3927,315,7,1178
3928,315,7,1178
3929,315,7,1178
3930,315,7,1178
3931,315,6,1179
3932,315,6,1179
3933,315,6,1179
3934,315,6,1179
3935,315,6,1179
3936,315,6,1179
3937,315,6,1179
3938,315,6,1179
3939,315,6,1179
3940,315,6,1179
3941,315,6,1179
3942,315,6,1179
3943,315,6,1179
3944,315,6,1179
3945,315,5,1180
3946,315,5,1180
3947,315,5,1180
3948,315,5,1180
3949,315,5,1180
3950,315,5,1180
3951,315,4,1181
3952,315,3,1182
3953,315,3,1182
3954,315,3,1182
3955,315,3,1182
3956,315,2,1183
3957,315,2,1183
3958,315,2,1183
3959,315,2,1183
3960,315,2,1183
3961,315,2,1183
3962,315,2,1183
3963,315,2,1183
3964,315,2,1183
3965,315,2,1183
3966,315,2,1183
3967,315,2,1183
3968,315,2,1183
3969,315,2,1183
3970,315,2,1183
3971,315,2,1183
3972,315,2,1183
3973,315,2,1183
3974,315,2,1183
3975,315,2,1183
3976,315,2,1183
3977,315,2,1183
3978,315,2,1183
3979,315,2,1183
3980,315,2,1183
3981,315,2,1183
3982,315,2,1183
3983,315,2,1183
3984,315,2,1183
3985,315,2,1183
3986,315,2,1183
3987,315,2,1183
3988,315,2,1183
3989,315,2,1183
3990,315,2,1183
3991,315,2,1183
3992,315,2,1183
3993,315,2,1183
3994,315,2,1183
3995,315,2,1183
3996,315,2,1183
3997,315,1,1184
3998,315,1,1184
3999,315,1,1184
4000,315,1,1184
4001,315,1,1184
4002,315,1,1184
4003,315,1,1184
4004,315,1,1184
4005,315,1,1184
4006,315,1,1184
4007,315,1,1184
4008,315,1,1184
4009,315,1,1184
4010,315,1,1184
4011,315,1,1184
4012,315,1,1184
4013,315,1,1184
4014,315,1,1184
4015,315,1,1184
4016,315,1,1184
4017,315,1,1184
4018,315,1,1184
4019,315,1,1184
4020,315,1,1184
4021,315,1,1184
4022,315,1,1184
4023,315,1,1184
4024,315,1,1184
4025,315,1,1184
4026,315,1,1184
4027,315,1,1184
4028,315,1,1184
4029,315,1,1184
4030,315,1,1184
4031,315,1,1184
4032,315,1,1184
4033,315,1,1184
4034,315,1,1184
4035,315,1,1184
4036,315,1,1184
4037,315,1,1184
4038,315,1,1184
4039,315,1,1184
4040,315,1,1184
4041,315,1,1184
4042,315,1,1184
4043,315,1,1184
4044,315,1,1184
4045,315,1,1184
4046,315,1,1184
4047,315,1,1184
4048,315,1,1184
4049,315,1,1184
4050,315,1,1184
4051,315,1,1184
4052,315,1,1184
4053,315,1,1184
4054,315,1,1184
4055,315,1,1184
4056,315,1,1184
4057,315,1,1184
4058,315,1,1184
4059,315,1,1184
4060,315,1,1184
4061,315,1,1184
4062,315,1,1184
4063,315,1,1184
4064,315,1,1184
4065,315,1,1184
4066,315,1,1184
4067,315,1,1184
4068,315,1,1184
4069,315,1,1184
4070,315,1,1184
4071,315,1,1184
4072,315,1,1184
4073,315,1,1184
4074,315,1,1184
4075,315,1,1184
4076,315,1,1184
4077,315,1,1184
4078,315,1,1184
4079,315,1,1184
4080,315,1,1184
4081,315,1,1184
4082,315,1,1184
4083,315,1,1184
4084,315,1,1184
4085,315,1,1184
4086,315,1,1184
4087,315,1,1184
4088,315,1,1184
4089,315,1,1184
4090,315,1,1184
4091,315,1,1184
4092,315,1,1184
4093,315,1,1184
4094,315,1,1184
4095,315,1,1184
4096,315,1,1184
4097,315,1,1184
4098,315,1,1184
4099,315,1,1184
4100,315,1,1184
4101,315,1,1184
4102,315,1,1184
4103,315,1,1184
4104,315,1,1184
4105,315,1,1184
4106,315,1,1184
4107,315,1,1184
4108,315,1,1184
4109,315,1,1184
4110,315,1,1184
4111,315,1,1184
4112,315,1,1184
4113,315,1,1184
4114,315,1,1184
4115,315,1,1184
4116,315,1,1184
4117,315,1,1184
4118,315,1,1184
4119,315,1,1184
4120,315,1,1184
4121,315,1,1184
4122,315,1,1184
4123,315,1,1184
4124,315,1,1184
4125,315,1,1184
4126,315,1,1184
4127,315,1,1184
4128,315,1,1184
4129,315,1,1184
4130,315,1,1184
4131,315,1,1184
4132,315,1,1184
4133,315,1,1184
4134,315,1,1184
4135,315,1,1184
4136,315,1,1184
4137,315,1,1184
4138,315,1,1184
4139,315,1,1184
4140,315,1,1184
4141,315,1,1184
4142,315,1,1184
4143,315,1,1184
4144,315,1,1184
4145,315,1,1184
4146,315,1,1184
4147,315,1,1184
4148,315,1,1184
4149,315,1,1184
4150,315,1,1184
4151,315,1,1184
4152,315,1,1184
4153,315,1,1184
4154,315,1,1184
4155,315,1,1184
4156,315,1,1184
4157,315,1,1184
4158,315,1,1184
4159,315,1,1184
4160,315,1,1184
4161,315,1,1184
4162,315,1,1184
4163,315,1,1184
4164,315,1,1184
4165,315,1,1184
4166,315,1,1184
4167,315,1,1184
4168,315,1,1184
4169,315,1,1184
4170,315,1,1184
4171,315,1,1184
4172,315,1,1184
4173,315,0,1185
4174,315,0,1185
4175,315,0,1185
4176,315,0,1185
4177,315,0,1185
4178,315,0,1185
4179,315,0,1185
4180,315,0,1185
4181,315,0,1185
4182,315,0,1185
4183,315,0,1185
4184,315,0,1185
4185,315,0,1185
4186,315,0,1185
4187,315,0,1185
4188,315,0,1185
4189,315,0,1185
4190,315,0,1185
4191,315,0,1185
4192,315,0,1185
4193,315,0,1185
4194,315,0,1185
4195,315,0,1185
4196,315,0,1185
4197,315,0,1185
4198,315,0,1185
4199,315,0,1185
4200,315,0,1185
4201,315,0,1185
4202,315,0,1185
4203,315,0,1185
4204,315,0,1185
4205,315,0,1185
4206,315,0,1185
4207,315,0,1185
4208,315,0,1185
4209,315,0,1185
4210,315,0,1185
4211,315,0,1185
4212,315,0,1185
4213,315,0,1185
4214,315,0,1185
4215,315,0,1185
4216,315,0,1185
4217,315,0,1185
4218,315,0,1185
4219,315,0,1185
4220,315,0,1185
4221,315,0,1185
4222,315,0,1185
4223,315,0,1185
4224,315,0,1185
4225,315,0,1185
4226,315,0,1185
4227,315,0,1185
4228,315,0,1185
4229,315,0,1185
4230,315,0,1185
4231,315,0,1185
4232,315,0,1185
